ARI,A.Banda,607455
ARI,F.Rodney,407845
ARI,TJ.McFarland,519008
ARI,JJ.Hoover,543331
ARI,D.Hernandez,456696
ARI,Z.Greinke,425844
ARI,Z.Godley,643327
ARI,J.De La Rosa,407822
ARI,P.Corbin,571578
ARI,T.Walker,592836
ARI,S.Bracho,611093
ARI,A.Bradley,605151
ARI,A.Chafin,605177
ARI,JD.Martinez,502110
ARI,K.Marte,606466
ARI,G.Blanco,453923
ARI,J.Lamb,571875
ARI,AJ.Pollock,572041
ARI,C.Iannetta,455104
ARI,J.Mathis,425772
ARI,C.Herrmann,543302
ARI,D.Descalso,518614
ARI,A.Rosales,489267
ARI,P.Goldschmidt,502671
ARI,B.Drury,592273
ARI,R.Ray,592662
ARI,R.Delgado,517414
ARI,R.Fuentes,571681
ARI,D.Peralta,444482
ARI,R.De La Rosa,523989
ARI,M.Koch,571863
ARI,B.Shipley,640463
ARI,J.Sherfy,642073
ARI,J.Barrett,545332
ARI,I.Vargas,545121
ARI,S.Brito,593647
ARI,J.Reinheimer,595373
ARI,J.Hazelbaker,571757
ARI,J.Ryan Murphy,571974
ARI,D.Leyba,642736
ATL,J.Johnson,462382
ATL,J.Motte,435400
ATL,S.Newcomb,656794
ATL,M.Fried,608331
ATL,S.Freeman,518693
ATL,M.Foltynewicz,592314
ATL,RA.Dickey,285079
ATL,J.Ramirez,542432
ATL,L.Jackson,592426
ATL,L.Sims,608371
ATL,R.Brothers,571521
ATL,A.Vizcaino,527055
ATL,J.Teheran,527054
ATL,N.Markakis,455976
ATL,D.Swanson,621020
ATL,K.Suzuki,435559
ATL,J.Peterson,607054
ATL,B.Phillips,408252
ATL,D.Santana,542454
ATL,L.Adams,572669
ATL,T.Flowers,452095
ATL,E.Inciarte,542255
ATL,M.Adams,571431
ATL,O.Albies,645277
ATL,F.Freeman,518692
ATL,I.Krol,571871
ATL,J.Camargo,622666
ATL,A.Garcia,611177
ATL,M.Kemp,461314
ATL,J.Biddle,592145
ATL,A.Blair,594760
ATL,E.Burgos,542609
ATL,M.Cabrera,606291
ATL,M.Wisler,605538
ATL,J.Hursh,592422
ATL,A.Morris,592570
ATL,R.Ruiz,547004
ATL,M.Johnson,608672
BAL,M.Givens,571710
BAL,J.Hellickson,476451
BAL,C.Tillman,501957
BAL,K.Gausman,592332
BAL,W.Miley,489119
BAL,M.Castro,612434
BAL,D.Bundy,605164
BAL,U.Jimenez,434622
BAL,D.O'Day,503285
BAL,R.Bleier,542947
BAL,B.Brach,542960
BAL,Z.Britton,502154
BAL,T.Mancini,641820
BAL,M.Machado,592518
BAL,R.Tejada,514913
BAL,M.Trumbo,444432
BAL,J.Schoop,570731
BAL,S.Smith,452234
BAL,A.Jones,430945
BAL,J.Rickard,572073
BAL,C.Joseph,543376
BAL,C.Gentry,502226
BAL,C.Davis,448801
BAL,T.Beckham,542921
BAL,W.Castillo,456078
BAL,J.Yacabonis,642231
BAL,M.Wright,605541
BAL,T.Wilson,592869
BAL,L.Verrett,548337
BAL,Y.Ramirez,606162
BAL,A.Asher,594742
BAL,S.Crichton,592233
BAL,A.Faulkner,605226
BAL,D.Hart,643354
BAL,J.Aquino,593969
BAL,C.Lee,595296
BAL,J.Liranzo,622338
BAL,V.Nuno,573064
BAL,G.Ynoa,593679
BOS,F.Abad,472551
BOS,D.Pomeranz,519141
BOS,C.Kimbrel,518886
BOS,J.Kelly,523260
BOS,R.Porcello,519144
BOS,H.Hembree,592390
BOS,D.Fister,450729
BOS,A.Reed,592665
BOS,E.Rodriguez,593958
BOS,C.Sale,519242
BOS,R.Scott,582494
BOS,B.Workman,519443
BOS,M.Barnes,598264
BOS,H.Ramirez,434670
BOS,C.Vazquez,543877
BOS,E.Nunez,456488
BOS,M.Moreland,519048
BOS,C.Young,455759
BOS,A.Benintendi,643217
BOS,M.Betts,605141
BOS,X.Bogaerts,593428
BOS,J.Bradley,598265
BOS,R.Devers,646240
BOS,B.Holt,571788
BOS,S.Leon,506702
BOS,B.Taylor,664701
BOS,D.Price,456034
BOS,B.Boyer,430641
BOS,D.Pedroia,456030
BOS,A.Maddox,545348
BOS,H.Velazquez,584171
BOS,K.Martin,573016
BOS,H.Owens,596064
BOS,N.Ramirez,598287
BOS,B.Johnson,598271
BOS,S.Travis,607752
BOS,B.Swihart,596119
BOS,S.Selsky,592731
BOS,T.Lin,624407
BOS,D.Marrero,571918
CHC,W.Davis,451584
CHC,J.Lester,452657
CHC,C.Edwards,605218
CHC,B.Duensing,488846
CHC,J.Lackey,407793
CHC,M.Montgomery,543557
CHC,J.Quintana,500779
CHC,H.Rondon,444468
CHC,K.Hendricks,543294
CHC,P.Strop,467008
CHC,J.Wilson,458677
CHC,J.Arrieta,453562
CHC,J.Grimm,518748
CHC,T.La Stella,600303
CHC,A.Almora,546991
CHC,A.Rizzo,519203
CHC,K.Schwarber,656941
CHC,J.Jay,445055
CHC,J.Heyward,518792
CHC,A.Avila,488671
CHC,J.Baez,595879
CHC,K.Bryant,592178
CHC,V.Caratini,605170
CHC,B.Zobrist,450314
CHC,I.Happ,664023
CHC,K.Uehara,493157
CHC,A.Russell,608365
CHC,W.Contreras,575929
CHC,R.Zastryzny,642239
CHC,P.Johnson,572955
CHC,D.Underwood,621249
CHC,A.Mills,621219
CHC,J.Leathersich,605333
CHC,A.Brooks,605156
CHC,F.Pena,570240
CHC,J.Rosario,542231
CHC,E.Butler,572750
CHC,S.Frankoff,571676
CHC,J.Hannemann,595238
CHC,M.Zagunis,657145
CHW,D.Holland,502706
CHW,M.Gonzalez,456068
CHW,G.Infante,500872
CHW,B.Goldberg,643329
CHW,R.Lopez,625643
CHW,J.Minaya,573668
CHW,M.Pelfrey,460059
CHW,J.Petricka,502593
CHW,C.Rodon,607074
CHW,J.Shields,448306
CHW,C.Beck,571476
CHW,A.Bummer,607481
CHW,D.Covey,592229
CHW,Y.Sanchez,570560
CHW,Y.Moncada,660162
CHW,O.Narvaez,553882
CHW,T.Saladino,573135
CHW,J.Abreu,547989
CHW,A.Hanson,593700
CHW,T.Anderson,641313
CHW,N.Delmonico,547170
CHW,A.Engel,641553
CHW,K.Smith,607345
CHW,A.Garcia,541645
CHW,L.Garcia,544725
CHW,N.Jones,518858
CHW,W.Garcia,591994
CHW,M.Davidson,571602
CHW,L.Giolito,608337
CHW,T.Danish,641501
CHW,C.Fulmer,608334
CHW,J.May,594576
CHW,DJ.Peterson,592637
CHW,A.Gonzalez,554054
CIN,T.Adleman,534947
CIN,R.Iglesias,628452
CIN,M.Lorenzen,547179
CIN,W.Peralta,593974
CIN,S.Romano,607219
CIN,K.Shackelford,594992
CIN,R.Stephenson,596112
CIN,D.Storen,519322
CIN,A.Wojciechowski,592879
CIN,S.Feldman,444857
CIN,B.Wood,502028
CIN,H.Bailey,456701
CIN,L.Castillo,622491
CIN,J.Votto,458015
CIN,S.Turner,642156
CIN,E.Suarez,553993
CIN,J.Winker,608385
CIN,T.Barnhart,571466
CIN,J.Peraza,606299
CIN,A.Duvall,594807
CIN,D.Mesoraco,519023
CIN,P.Kivlehan,623182
CIN,S.Gennett,571697
CIN,Z.Cozart,446359
CIN,B.Hamilton,571740
CIN,A.Brice,592169
CIN,L.Bonilla,570810
CIN,S.Schebler,594988
CIN,C.Reed,642003
CIN,L.Farrell,608652
CIN,R.Davis,606959
CIN,A.Garrett,607237
CIN,B.Astin,592120
CIN,K.Mella,622492
CIN,A.Hernandez,554374
CIN,J.Stephens,623451
CIN,D.Herrera,599096
CIN,P.Ervin,640447
CIN,A.Aquino,606157
CLE,C.Allen,592102
CLE,C.Kluber,446372
CLE,N.Goody,580792
CLE,Z.McAllister,502083
CLE,T.Olson,621397
CLE,D.Otero,519096
CLE,M.Clevinger,605182
CLE,C.Carrasco,471911
CLE,B.Shaw,543766
CLE,D.Salazar,517593
CLE,J.Smith,501925
CLE,T.Bauer,545333
CLE,G.Urshela,570482
CLE,F.Lindor,596019
CLE,J.Ramirez,608070
CLE,C.Santana,467793
CLE,R.Perez,547379
CLE,J.Kipnis,543401
CLE,A.Jackson,457706
CLE,A.Almonte,501659
CLE,J.Bruce,457803
CLE,B.Zimmer,605548
CLE,E.Encarnacion,429665
CLE,B.Guyer,446386
CLE,Y.Gomes,543228
CLE,A.Miller,453192
CLE,J.Tomlin,458708
CLE,M.Brantley,488726
CLE,L.Chisenhall,502082
CLE,R.Merritt,607320
CLE,S.Armstrong,542888
CLE,D.Baker,621173
CLE,A.Plutko,592644
CLE,K.Crockett,641490
CLE,S.Morimando,596049
CLE,D.Moreno,514981
CLE,E.Gonzalez,570481
CLE,F.Mejia,642336
CLE,T.Naquin,571980
CLE,Y.Diaz,650490
COL,P.Neshek,450212
COL,J.Gray,592351
COL,Z.Rosscup,573127
COL,G.Holland,518813
COL,C.Rusin,543734
COL,M.Dunn,445197
COL,A.Senzatela,622608
COL,J.Hoffman,656546
COL,T.Chatwood,543022
COL,G.Marquez,608566
COL,J.McGee,459429
COL,C.Bettis,518452
COL,A.Ottavino,493603
COL,J.Lucroy,518960
COL,M.Reynolds,448602
COL,R.McMahon,641857
COL,G.Parra,467827
COL,R.Hanigan,452672
COL,A.Amarista,506560
COL,N.Arenado,571448
COL,C.Blackmon,453568
COL,P.Valaika,642162
COL,T.Story,596115
COL,C.Gonzalez,471865
COL,D.LeMahieu,518934
COL,K.Freeland,607536
COL,I.Desmond,435622
COL,S.Oberg,623184
COL,J.Diaz,545064
COL,Y.Almonte,622075
COL,S.Carle,641438
COL,Z.Jemiola,621106
COL,R.Gonzalez,543234
COL,C.Estevez,608032
COL,M.Tauchman,643565
COL,R.Tapia,606132
COL,D.Dahl,621311
COL,T.Murphy,608596
COL,J.Patterson,641958
COL,T.Wolters,547172
DET,J.Zimmermann,519455
DET,J.Jimenez,641729
DET,W.Saupold,599683
DET,D.Stumpf,621385
DET,S.Greene,572888
DET,M.Fulmer,605242
DET,J.Ferrell,594815
DET,A.Sanchez,434671
DET,A.Wilson,543935
DET,J.Verlander,434378
DET,C.Bell,518445
DET,M.Boyd,571510
DET,D.VerHagen,572403
DET,J.McCann,543510
DET,D.Machado,553988
DET,A.Romine,461865
DET,M.Mahtook,543484
DET,V.Martinez,400121
DET,I.Kinsler,435079
DET,J.Iglesias,578428
DET,J.Hicks,543308
DET,J.Upton,457708
DET,N.Castellanos,592206
DET,M.Cabrera,408234
DET,A.Presley,502100
DET,D.Norris,596057
DET,K.Ryan,594986
DET,B.Rondon,541652
DET,B.Hardy,543278
DET,A.Leon,455376
DET,J.Labourt,607951
DET,V.Alcantara,622505
DET,M.Jaye,594867
DET,S.Baez,622783
DET,B.Farmer,571656
DET,J.Candelario,600869
DET,D.Lugo,608475
DET,J.Jones,592444
DET,J.Adduci,451192
HOU,F.Martes,642564
HOU,K.Giles,571704
HOU,M.Fiers,571666
HOU,D.Keuchel,572971
HOU,C.McHugh,543521
HOU,C.Devenski,606965
HOU,C.Morton,450203
HOU,J.Musgrove,605397
HOU,T.Clippard,461325
HOU,B.Peacock,502748
HOU,L.Gregerson,502381
HOU,J.Hoyt,624586
HOU,F.Liriano,434538
HOU,J.Marisnick,545350
HOU,J.Altuve,514888
HOU,J.Reddick,502210
HOU,M.Stassi,545358
HOU,G.Springer,543807
HOU,Y.Gurriel,493329
HOU,C.Beltran,136860
HOU,M.Gonzalez,503556
HOU,A.Bregman,608324
HOU,D.Fisher,605233
HOU,J.Centeno,518542
HOU,JD.Davis,605204
HOU,T.Sipp,448609
HOU,W.Harris,501789
HOU,L.McCullers,621121
HOU,M.Feliz,593140
HOU,E.Gattis,594828
HOU,C.Correa,621043
HOU,B.McCann,435263
HOU,C.Moran,592567
HOU,B.Rodgers,572086
HOU,R.Guduan,594056
HOU,D.Diaz,500765
HOU,P.Tucker,605512
HOU,AJ.Reed,607223
HOU,T.Kemp,643393
HOU,T.White,643603
KCR,S.Alexander,518397
KCR,N.Feliz,491703
KCR,J.Hammel,434628
KCR,K.Herrera,516969
KCR,J.Junis,596001
KCR,I.Kennedy,453178
KCR,B.Maurer,543506
KCR,M.Minor,501985
KCR,P.Moylan,493247
KCR,J.Soria,465657
KCR,J.Vargas,450306
KCR,D.Duffy,518633
KCR,R.Buchter,488748
KCR,W.Merrifield,593160
KCR,M.Moustakas,519058
KCR,D.Butera,460077
KCR,M.Cabrera,466320
KCR,E.Hosmer,543333
KCR,L.Cain,456715
KCR,C.Cuthbert,596144
KCR,A.Gordon,460086
KCR,C.Gallagher,595956
KCR,J.Bonifacio,593528
KCR,A.Escobar,444876
KCR,B.Moss,461235
KCR,T.Cahill,502239
KCR,S.Perez,521692
KCR,E.Skoglund,607215
KCR,M.Almonte,602083
KCR,K.Zimmer,622092
KCR,K.McCarthy,641838
KCR,B.Flynn,543169
KCR,R.Mondesi,609275
KCR,H.Dozier,641531
KCR,R.Torres,593527
KCR,B.Starling,605490
KCR,J.Soler,624585
KCR,T.Gore,605253
KCR,B.Burns,542993
KCR,S.Duenez,642279
LAA,R.Nolasco,445060
LAA,T.Skaggs,572140
LAA,B.Norris,502032
LAA,E.Paredes,622161
LAA,B.Parker,453284
LAA,Y.Petit,433589
LAA,J.Chavez,445926
LAA,JC.Ramirez,500724
LAA,P.Bridwell,592170
LAA,C.Bedrosian,592135
LAA,A.Bailey,457732
LAA,K.Middleton,641871
LAA,A.Pujols,405395
LAA,A.Simmons,592743
LAA,C.Pennington,460060
LAA,C.Maybin,457727
LAA,B.Revere,519184
LAA,CJ.Cron,543068
LAA,M.Trout,545361
LAA,J.Graterol,492802
LAA,L.Valbuena,472528
LAA,M.Maldonado,455117
LAA,K.Calhoun,594777
LAA,J.Marte,527043
LAA,K.Cowart,592230
LAA,M.Shoemaker,533167
LAA,A.Meyer,543542
LAA,H.Street,434718
LAA,Y.Escobar,488862
LAA,N.Smith,642091
LAA,T.Scribner,644428
LAA,B.Pounders,572044
LAA,J.Alvarez,501625
LAA,M.Morin,573046
LAA,D.Magnifico,571911
LAA,V.Campos,553883
LAA,D.Wright,642229
LAA,C.Perez,542208
LAA,N.Fontana,545337
LAD,L.Avilan,501593
LAD,R.Hill,448179
LAD,K.Jansen,445276
LAD,K.Maeda,628317
LAD,B.Morrow,453344
LAD,H.Ryu,547943
LAD,R.Stripling,548389
LAD,T.Watson,453265
LAD,A.Wood,622072
LAD,C.Hatcher,501822
LAD,J.Fields,451661
LAD,P.Baez,520980
LAD,T.Cingrani,571561
LAD,Y.Darvish,506433
LAD,C.Bellinger,641355
LAD,J.Pederson,592626
LAD,C.Utley,400284
LAD,J.Turner,457759
LAD,C.Taylor,621035
LAD,C.Seager,608369
LAD,A.Barnes,605131
LAD,E.Hernandez,571771
LAD,Y.Grandal,518735
LAD,L.Forsythe,523253
LAD,Y.Puig,624577
LAD,B.McCarthy,435221
LAD,C.Kershaw,477132
LAD,G.Dayton,594795
LAD,J.Urias,628711
LAD,D.Floro,571670
LAD,B.Stewart,592779
LAD,F.Castillo,503566
LAD,J.Rhame,642008
LAD,J.Ravin,502051
LAD,E.Paredes,487675
LAD,L.Ysla,644443
LAD,T.Thompson,572204
LAD,B.Eibner,518649
LAD,K.Farmer,571657
MIA,B.Ziegler,446899
MIA,J.Guerra,457915
MIA,D.McGowan,430661
MIA,J.Nicolino,592593
MIA,D.Steckenrider,608716
MIA,D.Straily,573185
MIA,J.Tazawa,547749
MIA,J.Urena,570632
MIA,V.Worley,474699
MIA,J.Garcia,606424
MIA,A.Conley,543045
MIA,O.Despaigne,628333
MIA,B.Ellington,623395
MIA,JT.Realmuto,592663
MIA,M.Rojas,500743
MIA,G.Stanton,519317
MIA,AJ.Ellis,454560
MIA,I.Suzuki,400085
MIA,T.Telis,542513
MIA,C.Yelich,592885
MIA,M.Ozuna,542303
MIA,M.Aviles,449107
MIA,T.Moore,489138
MIA,D.Dietrich,518618
MIA,D.Gordon,543829
MIA,K.Barraclough,607457
MIA,N.Wittgren,621295
MIA,E.Volquez,450172
MIA,C.O'Grady,622217
MIA,W.Chen,612672
MIA,J.Bour,571506
MIA,J.Riddle,595375
MIA,M.Prado,445988
MIA,H.Cervenka,543017
MIA,T.Koehler,543408
MIA,S.Gonzalez,605894
MIA,T.Guerrero,594027
MIA,D.Hood,543329
MIA,A.Nola,543592
MIL,B.Woodruff,605540
MIL,C.Torres,448614
MIL,A.Swarzak,461872
MIL,J.Nelson,519076
MIL,C.Knebel,608349
MIL,J.Jeffress,502026
MIL,J.Hughes,453172
MIL,J.Hader,623352
MIL,M.Garza,490063
MIL,O.Drake,543118
MIL,Z.Davies,605200
MIL,J.Barnes,606930
MIL,J.Aguilar,542583
MIL,D.Santana,570267
MIL,T.Shaw,543768
MIL,E.Sogard,519299
MIL,A.Susac,572180
MIL,O.Arcia,606115
MIL,E.Thames,519346
MIL,J.Villar,542340
MIL,N.Walker,435522
MIL,M.Pina,444489
MIL,K.Broxton,542979
MIL,R.Braun,460075
MIL,H.Perez,541650
MIL,B.Suter,608718
MIL,C.Anderson,502624
MIL,J.Bandy,542908
MIL,S.Vogt,519390
MIL,J.Guerra,448855
MIL,T.Williams,592865
MIL,W.Wang,623913
MIL,T.Webb,643778
MIL,P.Espino,502179
MIL,A.Houser,605288
MIL,T.Jungmann,543380
MIL,J.Lopez,605347
MIL,L.Brinson,621446
MIL,Y.Rivera,592680
MIL,B.Phillips,621433
MIN,T.Hildenberger,657610
MIN,K.Gibson,502043
MIN,D.Gee,518716
MIN,R.Pressly,519151
MIN,D.Enns,608650
MIN,T.Duffey,608648
MIN,T.Rogers,573124
MIN,B.Colon,112526
MIN,E.Santana,429722
MIN,A.Busenitz,641427
MIN,B.Boshers,542953
MIN,J.Berrios,621244
MIN,M.Belisle,279571
MIN,E.Rosario,592696
MIN,M.Kepler,596146
MIN,J.Mauer,408045
MIN,J.Polanco,593871
MIN,M.Sano,593934
MIN,E.Adrianza,501303
MIN,R.Grossman,543257
MIN,B.Buxton,621439
MIN,J.Castro,488771
MIN,B.Dozier,572821
MIN,E.Escobar,500871
MIN,C.Gimenez,460269
MIN,A.Mejia,606167
MIN,H.Santiago,502327
MIN,R.Rosario,600968
MIN,N.Turley,543867
MIN,F.Romero,622864
MIN,JT.Chargois,608638
MIN,F.Jorge,602928
MIN,K.Vargas,573627
MIN,Z.Granite,643335
MIN,D.Palka,594953
MIN,A.Recker,489232
MIN,M.Garver,641598
MIN,E.Vielma,622713
NYM,K.McGowan,641850
NYM,R.Montero,606160
NYM,H.Robles,570663
NYM,S.Matz,571927
NYM,S.Lugo,607625
NYM,P.Sewald,623149
NYM,A.Ramos,573109
NYM,E.Goeddel,592340
NYM,C.Flexen,623167
NYM,J.deGrom,594798
NYM,J.Blevins,460283
NYM,C.Bradford,607473
NYM,J.Smoker,519294
NYM,J.Reyes,408314
NYM,B.Nimmo,607043
NYM,R.Rivera,425784
NYM,A.Rosario,642708
NYM,A.Cabrera,452678
NYM,J.Lagares,501571
NYM,Y.Cespedes,493316
NYM,D.Smith,642086
NYM,M.Conforto,624424
NYM,T.d'Arnaud,518595
NYM,W.Flores,527038
NYM,C.Granderson,434158
NYM,R.Gsellman,607229
NYM,M.Harvey,518774
NYM,Z.Wheeler,554430
NYM,TJ.Rivera,608061
NYM,M.Molina,622506
NYM,T.Pill,543652
NYM,G.Cecchini,608325
NYM,K.Plawecki,608700
NYM,T.Nido,621512
NYM,M.Reynolds,608703
NYM,W.Becerra,610141
NYY,A.Warren,476589
NYY,S.Gray,543243
NYY,C.Green,643338
NYY,C.Shreve,592741
NYY,L.Severino,622663
NYY,T.Kahnle,592454
NYY,B.Mitchell,571951
NYY,J.Montgomery,656756
NYY,D.Robertson,502085
NYY,J.Garcia,448802
NYY,D.Betances,476454
NYY,L.Cessa,570666
NYY,A.Chapman,547973
NYY,R.Torreyes,591720
NYY,A.Romine,519222
NYY,T.Wade,642180
NYY,A.Judge,592450
NYY,G.Sanchez,596142
NYY,A.Hicks,543305
NYY,G.Cooper,643265
NYY,C.Headley,452104
NYY,D.Gregorius,544369
NYY,T.Frazier,453943
NYY,J.Ellsbury,453056
NYY,B.Gardner,458731
NYY,C.Sabathia,282332
NYY,M.Tanaka,547888
NYY,S.Castro,516770
NYY,C.Frazier,640449
NYY,M.Holliday,407812
NYY,C.Smith,592761
NYY,J.Holder,656547
NYY,R.Herrera,622703
NYY,B.Heller,621294
NYY,D.German,593334
NYY,G.Gallegos,606149
NYY,K.Higashioka,543309
NYY,T.Austin,592122
NYY,M.Andujar,609280
OAK,L.Hendriks,521230
OAK,S.Manaea,640455
OAK,C.Smith,434672
OAK,K.Graveman,608665
OAK,R.Dull,623430
OAK,D.Coulombe,543056
OAK,J.Cotton,605194
OAK,S.Castro,501563
OAK,P.Blackburn,621112
OAK,S.Casilla,433586
OAK,J.Smith,595001
OAK,B.Treinen,595014
OAK,M.Brady,572728
OAK,J.Lowrie,476704
OAK,M.Semien,543760
OAK,B.Maxwell,622194
OAK,B.Powell,621471
OAK,C.Pinder,640461
OAK,M.Olson,621566
OAK,M.Chapman,656305
OAK,M.Joyce,459964
OAK,R.Healy,592387
OAK,K.Davis,501981
OAK,R.Davis,434658
OAK,D.Garneau,572863
OAK,J.Phegley,572033
OAK,D.Mengden,596043
OAK,D.Gossett,605254
OAK,Z.Neal,594943
OAK,J.Hahn,534910
OAK,C.Bassitt,605135
OAK,F.Montas,593423
OAK,R.Nunez,600524
OAK,Y.Munoz,622168
OAK,J.Mateo,622761
OAK,F.Barreto,620439
OAK,M.Canha,592192
OAK,J.Brugman,595144
OAK,J.Wendle,621563
PHI,M.Leiter,643410
PHI,H.Milner,571948
PHI,A.Morgan,605388
PHI,L.Garcia,472610
PHI,H.Neris,593576
PHI,J.Eickhoff,595191
PHI,Z.Eflin,621107
PHI,A.Nola,605400
PHI,R.Pinto,620982
PHI,N.Pivetta,601713
PHI,E.Ramos,591693
PHI,J.Therrien,592279
PHI,D.Nava,537953
PHI,C.Rupp,519237
PHI,J.Alfaro,595751
PHI,H.Soo Kim,547957
PHI,T.Kelly,571841
PHI,T.Joseph,571830
PHI,N.Williams,608384
PHI,A.Blanco,433217
PHI,M.Franco,596748
PHI,F.Galvis,520471
PHI,C.Hernandez,514917
PHI,O.Herrera,546318
PHI,R.Hoskins,656555
PHI,V.Velasquez,592826
PHI,P.Beato,474039
PHI,A.Altherr,571437
PHI,A.Knapp,595284
PHI,B.Lively,594902
PHI,A.Tirado,610143
PHI,J.Thompson,622097
PHI,D.Anderson,623454
PHI,M.Appel,571446
PHI,B.Stassi,595426
PHI,D.Cozens,622226
PHI,J.Valentin,621044
PHI,R.Quinn,596451
PHI,C.Perkins,573088
PIT,T.Williams,592866
PIT,G.Kontos,502004
PIT,C.Kuhl,641771
PIT,W.LeBlanc,453281
PIT,J.Nicasio,504379
PIT,I.Nova,467100
PIT,F.Rivero,553878
PIT,AJ.Schugel,519263
PIT,J.Taillon,592791
PIT,D.Hudson,543339
PIT,G.Cole,543037
PIT,J.Benoit,276542
PIT,J.Osuna,591741
PIT,G.Polanco,570256
PIT,J.Mercer,474568
PIT,A.McCutchen,457705
PIT,S.Marte,516782
PIT,S.Rodriguez,446481
PIT,F.Cervelli,465041
PIT,A.Frazier,624428
PIT,J.Jaso,444379
PIT,C.Stewart,455755
PIT,D.Freese,501896
PIT,J.Bell,605137
PIT,J.Harrison,543281
PIT,E.Santana,650828
PIT,S.Brault,643230
PIT,T.Glasnow,607192
PIT,D.Neverauskas,596720
PIT,J.Barbato,592127
PIT,C.Holmes,605280
PIT,D.Hutchison,571800
PIT,N.Kingham,592468
PIT,G.Ngoepe,547912
PIT,J.Stallings,607732
PIT,E.Diaz,553869
PIT,J.Luplow,656669
PIT,C.Bostick,607471
PIT,M.Moroff,621559
SDP,K.Yates,489446
SDP,P.Maton,664208
SDP,L.Perdomo,606131
SDP,D.Lamet,659275
SDP,C.Richard,453385
SDP,B.Hand,543272
SDP,K.McGrath,657681
SDP,C.Stammen,489334
SDP,T.Wood,475243
SDP,J.Chacin,468504
SDP,C.Capps,605169
SDP,J.Torres,600526
SDP,C.Spangenberg,605486
SDP,W.Myers,571976
SDP,J.Pirela,517369
SDP,L.Torrens,620443
SDP,H.Renfroe,592669
SDP,M.Szczur,519333
SDP,Y.Solarte,500208
SDP,H.Sanchez,516949
SDP,M.Margot,622534
SDP,D.Coleman,543038
SDP,A.Cordoba,642707
SDP,C.Asuaje,641319
SDP,A.Hedges,595978
SDP,M.Diaz,622766
SDP,E.Aybar,430947
SDP,A.Lockett,621141
SDP,B.Baumann,571473
SDP,K.Lloyd,643414
SDP,J.Valdez,572308
SDP,J.Ruiz,614179
SDP,K.Quackenbush,534812
SDP,D.Overton,592614
SDP,J.Blash,518466
SDP,F.Cordero,614173
SDP,T.Jankowski,608671
SDP,J.Guerra,642770
SDP,J.Rondon,602922
SDP,R.Schimpf,572114
SEA,T.Zych,543964
SEA,C.Lawrence,596271
SEA,A.Miranda,664641
SEA,E.Pagan,641941
SEA,J.Pazos,572021
SEA,E.Ramirez,541640
SEA,M.Rzepczynski,519240
SEA,T.Vieira,600986
SEA,N.Vincent,543883
SEA,M.Gonzales,594835
SEA,Y.Gallardo,451596
SEA,E.Diaz,621242
SEA,Y.Alonso,475174
SEA,N.Cruz,443558
SEA,C.Ruiz,434563
SEA,R.Cano,429664
SEA,K.Seager,572122
SEA,J.Segura,516416
SEA,D.Valencia,502143
SEA,M.Zunino,572287
SEA,B.Gamel,592325
SEA,D.Espinosa,457787
SEA,G.Heredia,628338
SEA,L.Martin,547982
SEA,J.Dyson,502481
SEA,J.Paxton,572020
SEA,F.Hernandez,433587
SEA,D.Phelps,475479
SEA,M.Haniger,571745
SEA,M.Povse,605428
SEA,R.Garton,623439
SEA,D.Altavilla,656186
SEA,C.Bergman,548357
SEA,S.Gaviglio,543208
SEA,C.De Jong,608328
SEA,Z.Curtis,657205
SEA,A.Moore,621058
SEA,T.Motter,600301
SEA,S.O'Malley,502523
SEA,D.Vogelbach,596129
SFG,M.Melancon,453343
SFG,C.Gearrin,518715
SFG,S.Dyson,473879
SFG,H.Strickland,519326
SFG,K.Crick,605195
SFG,M.Moore,519043
SFG,A.Suarez,544150
SFG,M.Cain,430912
SFG,M.Bumgarner,518516
SFG,J.Samardzija,502188
SFG,T.Blach,621389
SFG,C.Stratton,608717
SFG,J.Osich,592612
SFG,J.Panik,605412
SFG,J.Parker,592620
SFG,H.Pence,452254
SFG,B.Posey,457763
SFG,P.Sandoval,467055
SFG,C.Moncrief,519037
SFG,D.Span,452655
SFG,R.Jones,624507
SFG,K.Tomlinson,605509
SFG,B.Crawford,543063
SFG,N.Hundley,460026
SFG,G.Hernandez,491676
SFG,J.Cueto,456501
SFG,A.Slater,596103
SFG,B.Belt,474832
SFG,M.Gomez,622497
SFG,M.Morse,434604
SFG,S.Okert,595345
SFG,R.Moronta,606625
SFG,D.Slania,592753
SFG,C.Johnson,592438
SFG,D.Law,571882
SFG,C.Arroyo,624414
SFG,J.Hwang,666561
SFG,O.Calixte,593525
SFG,T.Brown,623143
SFG,M.Williamson,607776
STL,C.Martinez,593372
STL,M.Leake,502190
STL,T.Lyons,544928
STL,S.Oh,493200
STL,T.Rosenthal,572096
STL,Z.Duke,435043
STL,S.Tuivailala,592815
STL,L.Lynn,458681
STL,B.Cecil,446399
STL,M.Wacha,608379
STL,A.Wainwright,425794
STL,J.Brebbia,605154
STL,M.Bowman,621199
STL,K.Wong,543939
STL,J.Martinez,500874
STL,Y.Molina,425877
STL,T.Pham,502054
STL,L.Voit,572228
STL,C.Kelly,608348
STL,J.Gyorko,576397
STL,R.Grichuk,545341
STL,M.Carpenter,572761
STL,P.DeJong,657557
STL,G.Garcia,594824
STL,D.Fowler,451594
STL,K.Siegrist,543779
STL,J.Gant,607231
STL,S.Gilmartin,543219
STL,R.Wick,592858
STL,L.Weaver,596133
STL,M.Mayers,594577
STL,S.Piscotty,572039
STL,H.Bader,664056
STL,A.Mejia,622270
STL,B.Valera,591971
STL,A.Diaz,649557
STL,E.Sosa,624641
STL,M.Sierra,642423
STL,E.Alvarez,608421
TBR,B.Snell,605483
TBR,D.Jennings,543359
TBR,S.Romo,489265
TBR,J.Faria,607188
TBR,J.Odorizzi,543606
TBR,A.Colome,517008
TBR,S.Cishek,518553
TBR,T.Hunter,488984
TBR,A.Pruitt,643493
TBR,B.Boxberger,502202
TBR,C.Whitley,595032
TBR,C.Archer,502042
TBR,E.Longoria,446334
TBR,W.Ramos,467092
TBR,B.Miller,543543
TBR,L.Morrison,489149
TBR,T.Plouffe,461858
TBR,M.Smith,605480
TBR,P.Bourjos,488721
TBR,J.Sucre,491696
TBR,C.Dickerson,572816
TBR,L.Duda,446263
TBR,S.Souza,519306
TBR,D.Robertson,621002
TBR,A.Hechavarria,588751
TBR,A.Cobb,502171
TBR,R.Stanek,592773
TBR,J.Schultz,621289
TBR,H.Wood,621056
TBR,A.Kolarek,592473
TBR,A.Kittredge,552640
TBR,C.Hu,629496
TBR,T.Guerrieri,605260
TBR,J.De Leon,592254
TBR,J.Alvarado,621237
TBR,T.Featherston,605227
TBR,C.Casali,592200
TBR,W.Adames,642715
TEX,C.Hamels,430935
TEX,R.Rodriguez,600965
TEX,J.Grilli,276351
TEX,M.Perez,527048
TEX,A.Claudio,592222
TEX,J.Leclerc,600917
TEX,J.Marinez,501697
TEX,A.Cashner,488768
TEX,M.Bush,456713
TEX,T.Ross,475115
TEX,A.Bibens-Dirkx,502212
TEX,T.Barnette,501817
TEX,AJ.Griffin,456167
TEX,R.Odor,596059
TEX,N.Mazara,608577
TEX,D.Robinson,592685
TEX,B.Nicholas,592592
TEX,C.Gomez,460576
TEX,E.Andrus,462101
TEX,A.Beltre,134181
TEX,R.Chirinos,455139
TEX,S.Choo,425783
TEX,D.DeShields,592261
TEX,J.Gallo,608336
TEX,M.Napoli,435063
TEX,K.Kela,605309
TEX,C.Sadzeck,592712
TEX,J.Rodriguez,570257
TEX,Y.Mendez,622795
TEX,A.Bass,542914
TEX,C.Blackburn,607185
TEX,T.Scheppers,489294
TEX,D.Alvarez,516714
TEX,N.Martinez,607259
TEX,J.Profar,595777
TEX,P.Gosselin,594838
TEX,J.Hoying,592419
TEX,R.Rua,607387
TEX,R.Guzman,608597
TOR,JA.Happ,457918
TOR,A.Loup,571901
TOR,C.Rowley,635903
TOR,M.Estrada,462136
TOR,T.Mayza,641835
TOR,M.Dermody,571616
TOR,JP.Howell,434442
TOR,M.Stroman,573186
TOR,R.Tepera,572193
TOR,N.Tepesch,519344
TOR,D.Barnes,592130
TOR,R.Osuna,532077
TOR,K.Morales,434778
TOR,M.Ohlman,572000
TOR,R.Refsnyder,608701
TOR,R.Lopez,607257
TOR,K.Pillar,607680
TOR,J.Donaldson,518626
TOR,N.Aoki,493114
TOR,S.Pearce,456665
TOR,J.Smoak,475253
TOR,R.Goins,572365
TOR,D.Barney,446381
TOR,E.Carrera,485567
TOR,J.Bautista,430832
TOR,D.Leone,608678
TOR,A.Sanchez,592717
TOR,C.Valdez,491624
TOR,M.Montero,471083
TOR,R.Martin,431145
TOR,L.Maile,571912
TOR,J.Biagini,607352
TOR,R.Borucki,621366
TOR,L.Campos,599998
TOR,R.Urena,620446
TOR,L.Gourriel,666971
TOR,D.Smith,596105
TOR,T.Hernandez,606192
TOR,H.Ramirez,623912
TOR,A.Alford,546990
WSN,R.Madson,425492
WSN,B.Kintzler,445213
WSN,O.Perez,424144
WSN,E.Jackson,429719
WSN,T.Roark,543699
WSN,M.Grace,594840
WSN,M.Scherzer,453286
WSN,G.Gonzalez,461829
WSN,S.Solis,519301
WSN,J.Blanton,430599
WSN,S.Doolittle,448281
WSN,M.Albers,458006
WSN,AJ.Cole,595918
WSN,D.Murphy,502517
WSN,M.Wieters,446308
WSN,A.Rendon,543685
WSN,A.Stevenson,664057
WSN,M.Taylor,572191
WSN,A.Sanchez,506703
WSN,R.Zimmerman,475582
WSN,J.Lobaton,446653
WSN,W.Difo,594694
WSN,B.Goodwin,571718
WSN,H.Kendrick,435062
WSN,A.Lind,452252
WSN,S.Kelley,518875
WSN,E.Romero,544836
WSN,S.Strasburg,544931
WSN,R.Raburn,430605
WSN,B.Harper,547180
WSN,T.Turner,607208
WSN,S.Drew,452220
WSN,A.Voth,608723
WSN,E.Fedde,607200
WSN,T.Gott,641627
WSN,A.Adams,613534
WSN,P.Severino,600474
WSN,J.Marmolejos,592530
WSN,R.Read,600466
WSN,R.Bautista,622441
